CITY,DATE,PRCP,SNOW_DEPTH,AVG_TEMP,MAX_TEMP,MIN_TEMP
"TORONTO CITY, ON CA",01/01/2018,0.01,4.3,8.0,18.0,-1.0
"TORONTO CITY, ON CA",01/02/2018,0.0,3.5,14.0,19.0,9.0
"TORONTO CITY, ON CA",01/03/2018,0.01,4.3,17.0,22.0,12.0
"TORONTO CITY, ON CA",01/04/2018,0.01,4.3,7.0,18.0,-3.0
"TORONTO CITY, ON CA",01/05/2018,0.0,3.9,0.0,6.0,-5.0
"TORONTO CITY, ON CA",01/06/2018,0.0,3.9,-2.0,4.0,-8.0
"TORONTO CITY, ON CA",01/07/2018,0.0,3.9,15.0,30.0,0.0
"TORONTO CITY, ON CA",01/08/2018,0.21,4.3,33.0,37.0,29.0
"TORONTO CITY, ON CA",01/09/2018,0.0,4.7,33.0,35.0,31.0
"TORONTO CITY, ON CA",01/10/2018,0.04,4.7,36.0,43.0,30.0
"TORONTO CITY, ON CA",01/11/2018,0.38,2.4,47.0,53.0,42.0
"TORONTO CITY, ON CA",01/12/2018,0.65,0.0,33.0,53.0,12.0
"TORONTO CITY, ON CA",01/13/2018,0.01,0.4,9.0,12.0,6.0
"TORONTO CITY, ON CA",01/14/2018,0.0,0.4,14.0,22.0,6.0
"TORONTO CITY, ON CA",01/15/2018,0.13,0.4,20.0,23.0,17.0
"TORONTO CITY, ON CA",01/16/2018,0.04,2.4,22.0,28.0,16.0
"TORONTO CITY, ON CA",01/17/2018,0.0,2.4,18.0,24.0,12.0
"TORONTO CITY, ON CA",01/18/2018,0.0,2.0,22.0,27.0,18.0
"TORONTO CITY, ON CA",01/19/2018,0.0,1.6,31.0,38.0,25.0
"TORONTO CITY, ON CA",01/20/2018,0.0,1.6,39.0,44.0,34.0
"TORONTO CITY, ON CA",01/21/2018,0.01,0.4,36.0,40.0,32.0
"TORONTO CITY, ON CA",01/22/2018,0.46,0.4,36.0,37.0,34.0
"TORONTO CITY, ON CA",01/23/2018,0.07,0.0,36.0,47.0,25.0
"TORONTO CITY, ON CA",01/24/2018,0.01,0.0,19.0,25.0,13.0
"TORONTO CITY, ON CA",01/25/2018,0.0,0.0,22.0,31.0,14.0
"TORONTO CITY, ON CA",01/26/2018,0.0,0.0,37.0,44.0,30.0
"TORONTO CITY, ON CA",01/27/2018,0.02,0.4,43.0,49.0,37.0
"TORONTO CITY, ON CA",01/28/2018,0.0,0.0,36.0,42.0,29.0
"TORONTO CITY, ON CA",01/29/2018,0.23,0.0,25.0,30.0,21.0
"TORONTO CITY, ON CA",01/30/2018,0.02,2.8,15.0,21.0,10.0
"TORONTO CITY, ON CA",01/31/2018,0.06,1.6,24.0,37.0,10.0
"TORONTO CITY, ON CA",02/01/2018,0.0,2.0,29.0,42.0,16.0
"TORONTO CITY, ON CA",02/02/2018,0.01,1.2,11.0,17.0,5.0
"TORONTO CITY, ON CA",02/03/2018,0.04,1.2,24.0,33.0,15.0
"TORONTO CITY, ON CA",02/04/2018,0.19,1.6,26.0,35.0,16.0
"TORONTO CITY, ON CA",02/05/2018,0.0,2.0,15.0,20.0,10.0
"TORONTO CITY, ON CA",02/06/2018,0.01,2.0,22.0,26.0,17.0
"TORONTO CITY, ON CA",02/07/2018,0.3,2.4,20.0,25.0,16.0
"TORONTO CITY, ON CA",02/08/2018,0.0,5.1,18.0,23.0,15.0
"TORONTO CITY, ON CA",02/09/2018,0.19,4.7,21.0,26.0,16.0
"TORONTO CITY, ON CA",02/10/2018,0.23,6.7,25.0,27.0,23.0
"TORONTO CITY, ON CA",02/11/2018,0.11,8.3,27.0,31.0,23.0
"TORONTO CITY, ON CA",02/12/2018,0.01,6.7,23.0,29.0,17.0
"TORONTO CITY, ON CA",02/13/2018,0.0,6.7,23.0,31.0,15.0
"TORONTO CITY, ON CA",02/14/2018,0.0,6.3,36.0,42.0,30.0
"TORONTO CITY, ON CA",02/15/2018,0.0,5.1,44.0,49.0,38.0
"TORONTO CITY, ON CA",02/16/2018,0.0,2.8,32.0,41.0,23.0
"TORONTO CITY, ON CA",02/17/2018,0.0,2.8,27.0,31.0,22.0
"TORONTO CITY, ON CA",02/18/2018,0.0,2.8,35.0,40.0,30.0
"TORONTO CITY, ON CA",02/19/2018,0.52,2.0,38.0,42.0,33.0
"TORONTO CITY, ON CA",02/20/2018,0.3,0.8,51.0,60.0,41.0
"TORONTO CITY, ON CA",02/21/2018,0.26,0.0,44.0,58.0,30.0
"TORONTO CITY, ON CA",02/22/2018,0.01,0.0,31.0,34.0,29.0
"TORONTO CITY, ON CA",02/23/2018,0.1,0.0,38.0,44.0,31.0
"TORONTO CITY, ON CA",02/24/2018,0.0,0.0,39.0,43.0,36.0
"TORONTO CITY, ON CA",02/25/2018,0.17,0.0,45.0,55.0,35.0
"TORONTO CITY, ON CA",02/26/2018,0.0,0.0,40.0,47.0,33.0
"TORONTO CITY, ON CA",02/27/2018,0.0,0.0,45.0,56.0,34.0
"TORONTO CITY, ON CA",02/28/2018,0.0,0.0,0.0,0.0,41.0
"TORONTO CITY, ON CA",03/01/2018,0.0,0.0,0.0,0.0,0.0
"TORONTO CITY, ON CA",03/02/2018,0.0,1.6,0.0,0.0,31.0
"TORONTO CITY, ON CA",03/04/2018,0.0,0.0,0.0,0.0,26.0
"TORONTO CITY, ON CA",03/06/2018,0.0,0.0,0.0,0.0,29.0
"TORONTO CITY, ON CA",03/07/2018,0.0,0.0,35.0,38.0,33.0
"TORONTO CITY, ON CA",03/08/2018,0.0,0.0,30.0,33.0,27.0
"TORONTO CITY, ON CA",03/09/2018,0.0,0.0,35.0,42.0,29.0
"TORONTO CITY, ON CA",03/10/2018,0.01,0.0,33.0,38.0,28.0
"TORONTO CITY, ON CA",03/11/2018,0.0,0.0,33.0,39.0,26.0
"TORONTO CITY, ON CA",03/12/2018,0.02,0.0,30.0,32.0,27.0
"TORONTO CITY, ON CA",03/13/2018,0.02,0.4,32.0,37.0,27.0
"TORONTO CITY, ON CA",03/14/2018,0.01,0.0,31.0,36.0,27.0
"TORONTO CITY, ON CA",03/15/2018,0.01,0.0,35.0,44.0,25.0
"TORONTO CITY, ON CA",03/16/2018,0.0,0.0,26.0,33.0,20.0
"TORONTO CITY, ON CA",03/17/2018,0.0,0.0,34.0,44.0,24.0
"TORONTO CITY, ON CA",03/18/2018,0.0,0.0,35.0,44.0,25.0
"TORONTO CITY, ON CA",03/19/2018,0.0,0.0,26.0,32.0,21.0
"TORONTO CITY, ON CA",03/20/2018,0.0,0.0,29.0,35.0,23.0
"TORONTO CITY, ON CA",03/21/2018,0.0,0.0,34.0,43.0,25.0
"TORONTO CITY, ON CA",03/22/2018,0.0,0.0,34.0,42.0,26.0
"TORONTO CITY, ON CA",03/23/2018,0.0,0.0,34.0,41.0,27.0
"TORONTO CITY, ON CA",03/24/2018,0.0,0.0,31.0,37.0,25.0
"TORONTO CITY, ON CA",03/25/2018,0.0,0.0,28.0,36.0,20.0
"TORONTO CITY, ON CA",03/26/2018,0.0,0.0,39.0,45.0,34.0
"TORONTO CITY, ON CA",03/27/2018,0.14,0.0,41.0,45.0,37.0
"TORONTO CITY, ON CA",03/28/2018,0.0,0.0,42.0,47.0,37.0
"TORONTO CITY, ON CA",03/29/2018,0.57,0.4,42.0,45.0,38.0
"TORONTO CITY, ON CA",03/30/2018,0.01,0.4,37.0,42.0,32.0
"TORONTO CITY, ON CA",03/31/2018,0.11,0.0,40.0,47.0,33.0
"TORONTO CITY, ON CA",04/01/2018,0.01,0.0,34.0,40.0,27.0
"TORONTO CITY, ON CA",04/02/2018,0.0,0.0,37.0,44.0,30.0
"TORONTO CITY, ON CA",04/03/2018,0.7,0.0,39.0,41.0,36.0
"TORONTO CITY, ON CA",04/04/2018,0.18,0.0,34.0,42.0,26.0
"TORONTO CITY, ON CA",04/05/2018,0.01,0.0,31.0,37.0,25.0
"TORONTO CITY, ON CA",04/06/2018,0.06,0.0,35.0,42.0,27.0
"TORONTO CITY, ON CA",04/07/2018,0.0,0.0,30.0,36.0,24.0
"TORONTO CITY, ON CA",04/08/2018,0.0,0.0,31.0,37.0,26.0
"TORONTO CITY, ON CA",04/09/2018,0.0,0.0,0.0,0.0,26.0
"TORONTO CITY, ON CA",04/10/2018,0.0,0.0,36.0,42.0,30.0
"TORONTO CITY, ON CA",04/11/2018,0.04,0.0,38.0,42.0,34.0
"TORONTO CITY, ON CA",04/12/2018,0.08,0.0,45.0,56.0,34.0
"TORONTO CITY, ON CA",04/13/2018,0.21,0.0,40.0,43.0,37.0
"TORONTO CITY, ON CA",04/14/2018,0.96,0.0,33.0,40.0,25.0
"TORONTO CITY, ON CA",04/15/2018,1.42,1.6,31.0,35.0,27.0
"TORONTO CITY, ON CA",04/16/2018,1.13,2.0,37.0,39.0,34.0
"TORONTO CITY, ON CA",04/17/2018,0.03,1.6,33.0,36.0,31.0
"TORONTO CITY, ON CA",04/18/2018,0.0,1.2,37.0,40.0,34.0
"TORONTO CITY, ON CA",04/19/2018,0.0,0.8,37.0,41.0,33.0
"TORONTO CITY, ON CA",04/20/2018,0.0,0.0,39.0,47.0,31.0
"TORONTO CITY, ON CA",04/21/2018,0.0,0.0,44.0,56.0,33.0
"TORONTO CITY, ON CA",04/22/2018,0.0,0.0,49.0,59.0,38.0
"TORONTO CITY, ON CA",04/23/2018,0.0,0.0,53.0,61.0,44.0
"TORONTO CITY, ON CA",04/24/2018,0.13,0.0,55.0,61.0,48.0
"TORONTO CITY, ON CA",04/25/2018,0.63,0.0,46.0,52.0,40.0
"TORONTO CITY, ON CA",04/26/2018,0.03,0.0,51.0,62.0,40.0
"TORONTO CITY, ON CA",04/27/2018,0.06,0.0,51.0,58.0,44.0
"TORONTO CITY, ON CA",04/28/2018,0.08,0.0,42.0,48.0,35.0
"TORONTO CITY, ON CA",04/29/2018,0.01,0.0,43.0,52.0,33.0
"TORONTO CITY, ON CA",04/30/2018,0.0,0.0,53.0,67.0,39.0
"TORONTO CITY, ON CA",05/01/2018,0.0,0.0,61.0,74.0,47.0
"TORONTO CITY, ON CA",05/02/2018,0.0,0.0,69.0,79.0,58.0
"TORONTO CITY, ON CA",05/03/2018,0.19,0.0,63.0,73.0,53.0
"TORONTO CITY, ON CA",05/04/2018,0.19,0.0,62.0,75.0,49.0
"TORONTO CITY, ON CA",05/05/2018,0.0,0.0,61.0,75.0,47.0
"TORONTO CITY, ON CA",05/06/2018,0.01,0.0,60.0,63.0,56.0
"TORONTO CITY, ON CA",05/07/2018,0.0,0.0,56.0,61.0,51.0
"TORONTO CITY, ON CA",05/08/2018,0.0,0.0,56.0,65.0,47.0
"TORONTO CITY, ON CA",05/09/2018,0.0,0.0,63.0,74.0,53.0
"TORONTO CITY, ON CA",05/10/2018,0.08,0.0,56.0,70.0,43.0
"TORONTO CITY, ON CA",05/11/2018,0.0,0.0,47.0,51.0,43.0
"TORONTO CITY, ON CA",05/12/2018,0.0,0.0,52.0,56.0,47.0
"TORONTO CITY, ON CA",05/13/2018,0.0,0.0,54.0,62.0,46.0
"TORONTO CITY, ON CA",05/14/2018,0.0,0.0,58.0,69.0,47.0
"TORONTO CITY, ON CA",05/15/2018,0.78,0.0,63.0,71.0,54.0
"TORONTO CITY, ON CA",05/16/2018,0.0,0.0,60.0,69.0,51.0
"TORONTO CITY, ON CA",05/17/2018,0.0,0.0,66.0,78.0,54.0
"TORONTO CITY, ON CA",05/18/2018,0.0,0.0,56.0,61.0,51.0
"TORONTO CITY, ON CA",05/19/2018,0.5,0.0,54.0,60.0,48.0
"TORONTO CITY, ON CA",05/20/2018,0.01,0.0,61.0,70.0,52.0
"TORONTO CITY, ON CA",05/21/2018,0.0,0.0,60.0,71.0,48.0
"TORONTO CITY, ON CA",05/22/2018,0.23,0.0,57.0,62.0,51.0
"TORONTO CITY, ON CA",05/23/2018,0.0,0.0,66.0,79.0,52.0
"TORONTO CITY, ON CA",05/24/2018,0.0,0.0,69.0,82.0,56.0
"TORONTO CITY, ON CA",05/25/2018,0.0,0.0,73.0,83.0,62.0
"TORONTO CITY, ON CA",05/26/2018,0.0,0.0,71.0,81.0,62.0
"TORONTO CITY, ON CA",05/27/2018,0.0,0.0,71.0,81.0,62.0
"TORONTO CITY, ON CA",05/28/2018,0.0,0.0,74.0,86.0,62.0
"TORONTO CITY, ON CA",05/29/2018,0.0,0.0,72.0,78.0,67.0
"TORONTO CITY, ON CA",05/30/2018,0.0,0.0,73.0,80.0,65.0
"TORONTO CITY, ON CA",05/31/2018,0.11,0.0,76.0,83.0,68.0
"TORONTO CITY, ON CA",06/01/2018,0.0,0.0,73.0,83.0,63.0
"TORONTO CITY, ON CA",06/02/2018,0.0,0.0,63.0,69.0,57.0
"TORONTO CITY, ON CA",06/03/2018,0.02,0.0,64.0,67.0,60.0
"TORONTO CITY, ON CA",06/04/2018,0.02,0.0,61.0,68.0,54.0
"TORONTO CITY, ON CA",06/05/2018,0.01,0.0,57.0,61.0,52.0
"TORONTO CITY, ON CA",06/06/2018,0.0,0.0,57.0,62.0,52.0
"TORONTO CITY, ON CA",06/08/2018,0.0,0.0,65.0,72.0,58.0
"TORONTO CITY, ON CA",06/09/2018,0.0,0.0,66.0,75.0,58.0
"TORONTO CITY, ON CA",06/10/2018,0.0,0.0,64.0,70.0,58.0
"TORONTO CITY, ON CA",06/11/2018,0.0,0.0,64.0,71.0,56.0
"TORONTO CITY, ON CA",06/12/2018,0.0,0.0,67.0,79.0,56.0
"TORONTO CITY, ON CA",06/13/2018,0.33,0.0,72.0,81.0,63.0
"TORONTO CITY, ON CA",06/14/2018,0.01,0.0,68.0,76.0,61.0
"TORONTO CITY, ON CA",06/15/2018,0.0,0.0,67.0,76.0,57.0
"TORONTO CITY, ON CA",06/16/2018,0.0,0.0,71.0,82.0,59.0
"TORONTO CITY, ON CA",06/17/2018,0.0,0.0,76.0,87.0,65.0
"TORONTO CITY, ON CA",06/18/2018,0.73,0.0,79.0,91.0,67.0
"TORONTO CITY, ON CA",06/19/2018,0.0,0.0,67.0,72.0,62.0
"TORONTO CITY, ON CA",06/20/2018,0.0,0.0,68.0,74.0,62.0
"TORONTO CITY, ON CA",06/21/2018,0.0,0.0,64.0,69.0,59.0
"TORONTO CITY, ON CA",06/22/2018,0.02,0.0,65.0,71.0,58.0
"TORONTO CITY, ON CA",06/23/2018,0.26,0.0,63.0,66.0,61.0
"TORONTO CITY, ON CA",06/24/2018,0.7,0.0,66.0,70.0,62.0
"TORONTO CITY, ON CA",06/25/2018,0.0,0.0,66.0,74.0,58.0
"TORONTO CITY, ON CA",06/26/2018,0.0,0.0,65.0,74.0,56.0
"TORONTO CITY, ON CA",06/27/2018,0.27,0.0,66.0,68.0,63.0
"TORONTO CITY, ON CA",06/28/2018,0.0,0.0,75.0,83.0,66.0
"TORONTO CITY, ON CA",06/29/2018,0.0,0.0,78.0,88.0,67.0
"TORONTO CITY, ON CA",06/30/2018,0.0,0.0,80.0,90.0,70.0
"TORONTO CITY, ON CA",07/01/2018,0.0,0.0,82.0,91.0,73.0
"TORONTO CITY, ON CA",07/02/2018,0.0,0.0,80.0,89.0,70.0
"TORONTO CITY, ON CA",07/03/2018,0.0,0.0,76.0,85.0,66.0
"TORONTO CITY, ON CA",07/04/2018,0.0,0.0,81.0,91.0,70.0
"TORONTO CITY, ON CA",07/05/2018,0.26,0.0,81.0,91.0,71.0
"TORONTO CITY, ON CA",07/06/2018,0.0,0.0,69.0,76.0,63.0
"TORONTO CITY, ON CA",07/07/2018,0.0,0.0,69.0,78.0,60.0
"TORONTO CITY, ON CA",07/08/2018,0.0,0.0,73.0,83.0,62.0
"TORONTO CITY, ON CA",07/09/2018,0.0,0.0,76.0,89.0,63.0
"TORONTO CITY, ON CA",07/10/2018,0.0,0.0,78.0,87.0,69.0
"TORONTO CITY, ON CA",07/11/2018,0.0,0.0,72.0,80.0,64.0
"TORONTO CITY, ON CA",07/13/2018,0.0,0.0,0.0,87.0,0.0
"TORONTO CITY, ON CA",07/15/2018,0.0,0.0,0.0,88.0,0.0
"TORONTO CITY, ON CA",07/17/2018,0.0,0.0,74.0,84.0,65.0
"TORONTO CITY, ON CA",07/18/2018,0.0,0.0,69.0,75.0,63.0
"TORONTO CITY, ON CA",07/19/2018,0.0,0.0,71.0,81.0,60.0
"TORONTO CITY, ON CA",07/20/2018,0.0,0.0,75.0,83.0,66.0
"TORONTO CITY, ON CA",07/21/2018,0.04,0.0,71.0,78.0,65.0
"TORONTO CITY, ON CA",07/22/2018,0.84,0.0,69.0,74.0,63.0
"TORONTO CITY, ON CA",07/23/2018,0.0,0.0,75.0,81.0,69.0
"TORONTO CITY, ON CA",07/24/2018,0.7,0.0,79.0,86.0,72.0
"TORONTO CITY, ON CA",07/25/2018,0.0,0.0,76.0,85.0,67.0
"TORONTO CITY, ON CA",07/26/2018,0.0,0.0,74.0,84.0,65.0
"TORONTO CITY, ON CA",07/27/2018,0.0,0.0,73.0,80.0,65.0
"TORONTO CITY, ON CA",07/28/2018,0.0,0.0,69.0,76.0,61.0
"TORONTO CITY, ON CA",07/29/2018,0.0,0.0,69.0,80.0,58.0
"TORONTO CITY, ON CA",07/30/2018,0.0,0.0,71.0,78.0,64.0
"TORONTO CITY, ON CA",07/31/2018,0.0,0.0,72.0,77.0,67.0
"TORONTO CITY, ON CA",08/01/2018,0.0,0.0,75.0,80.0,70.0
"TORONTO CITY, ON CA",08/02/2018,0.0,0.0,76.0,83.0,68.0
"TORONTO CITY, ON CA",08/03/2018,0.0,0.0,76.0,83.0,69.0
"TORONTO CITY, ON CA",08/04/2018,0.0,0.0,77.0,86.0,69.0
"TORONTO CITY, ON CA",08/05/2018,0.0,0.0,80.0,90.0,69.0
"TORONTO CITY, ON CA",08/06/2018,0.43,0.0,80.0,90.0,71.0
"TORONTO CITY, ON CA",08/07/2018,2.29,0.0,75.0,82.0,67.0
"TORONTO CITY, ON CA",08/08/2018,0.86,0.0,74.0,80.0,67.0
"TORONTO CITY, ON CA",08/09/2018,0.04,0.0,75.0,86.0,63.0
"TORONTO CITY, ON CA",08/10/2018,0.0,0.0,71.0,77.0,65.0
"TORONTO CITY, ON CA",08/11/2018,0.0,0.0,71.0,80.0,63.0
"TORONTO CITY, ON CA",08/12/2018,0.0,0.0,75.0,81.0,69.0
"TORONTO CITY, ON CA",08/13/2018,0.0,0.0,76.0,81.0,70.0
"TORONTO CITY, ON CA",08/14/2018,0.0,0.0,79.0,87.0,71.0
"TORONTO CITY, ON CA",08/15/2018,0.0,0.0,79.0,89.0,70.0
"TORONTO CITY, ON CA",08/16/2018,0.0,0.0,78.0,84.0,71.0
"TORONTO CITY, ON CA",08/17/2018,1.04,0.0,76.0,81.0,71.0
"TORONTO CITY, ON CA",08/18/2018,0.0,0.0,72.0,76.0,68.0
"TORONTO CITY, ON CA",08/19/2018,0.0,0.0,71.0,76.0,66.0
"TORONTO CITY, ON CA",08/20/2018,0.0,0.0,72.0,77.0,68.0
"TORONTO CITY, ON CA",08/21/2018,1.53,0.0,73.0,78.0,68.0
"TORONTO CITY, ON CA",08/22/2018,0.01,0.0,67.0,72.0,61.0
"TORONTO CITY, ON CA",08/23/2018,0.0,0.0,71.0,81.0,60.0
"TORONTO CITY, ON CA",08/24/2018,0.0,0.0,71.0,80.0,62.0
"TORONTO CITY, ON CA",08/25/2018,0.35,0.0,73.0,77.0,69.0
"TORONTO CITY, ON CA",08/26/2018,0.0,0.0,77.0,85.0,69.0
"TORONTO CITY, ON CA",08/27/2018,0.12,0.0,75.0,80.0,70.0
"TORONTO CITY, ON CA",08/28/2018,0.0,0.0,82.0,90.0,74.0
"TORONTO CITY, ON CA",08/29/2018,0.0,0.0,75.0,84.0,66.0
"TORONTO CITY, ON CA",08/30/2018,0.0,0.0,64.0,66.0,61.0
"TORONTO CITY, ON CA",08/31/2018,0.0,0.0,68.0,73.0,63.0
"TORONTO CITY, ON CA",09/01/2018,0.0,0.0,72.0,82.0,63.0
"TORONTO CITY, ON CA",09/02/2018,0.0,0.0,77.0,83.0,72.0
"TORONTO CITY, ON CA",09/03/2018,0.0,0.0,81.0,90.0,72.0
"TORONTO CITY, ON CA",09/04/2018,0.0,0.0,76.0,83.0,69.0
"TORONTO CITY, ON CA",09/05/2018,0.02,0.0,81.0,90.0,71.0
"TORONTO CITY, ON CA",09/06/2018,0.03,0.0,72.0,80.0,65.0
"TORONTO CITY, ON CA",09/07/2018,0.0,0.0,69.0,75.0,63.0
"TORONTO CITY, ON CA",09/08/2018,0.0,0.0,60.0,64.0,56.0
"TORONTO CITY, ON CA",09/09/2018,0.0,0.0,57.0,62.0,53.0
"TORONTO CITY, ON CA",09/10/2018,1.3,0.0,58.0,62.0,54.0
"TORONTO CITY, ON CA",09/11/2018,0.0,0.0,64.0,69.0,59.0
"TORONTO CITY, ON CA",09/12/2018,0.0,0.0,66.0,74.0,58.0
"TORONTO CITY, ON CA",09/13/2018,0.0,0.0,70.0,77.0,64.0
"TORONTO CITY, ON CA",09/14/2018,0.0,0.0,75.0,82.0,69.0
"TORONTO CITY, ON CA",09/15/2018,0.0,0.0,77.0,84.0,71.0
"TORONTO CITY, ON CA",09/16/2018,0.0,0.0,76.0,83.0,69.0
"TORONTO CITY, ON CA",09/17/2018,0.0,0.0,74.0,79.0,69.0
"TORONTO CITY, ON CA",09/18/2018,0.0,0.0,72.0,82.0,62.0
"TORONTO CITY, ON CA",09/19/2018,0.0,0.0,64.0,69.0,60.0
"TORONTO CITY, ON CA",09/20/2018,0.0,0.0,63.0,67.0,60.0
"TORONTO CITY, ON CA",09/21/2018,0.0,0.0,72.0,87.0,56.0
"TORONTO CITY, ON CA",09/22/2018,0.0,0.0,56.0,62.0,51.0
"TORONTO CITY, ON CA",09/23/2018,0.0,0.0,57.0,65.0,49.0
"TORONTO CITY, ON CA",09/24/2018,0.15,0.0,60.0,67.0,53.0
"TORONTO CITY, ON CA",09/25/2018,0.52,0.0,66.0,71.0,61.0
"TORONTO CITY, ON CA",09/26/2018,0.0,0.0,63.0,72.0,54.0
"TORONTO CITY, ON CA",09/27/2018,0.0,0.0,57.0,63.0,51.0
"TORONTO CITY, ON CA",09/28/2018,0.13,0.0,63.0,73.0,52.0
"TORONTO CITY, ON CA",09/29/2018,0.02,0.0,55.0,62.0,49.0
"TORONTO CITY, ON CA",09/30/2018,0.33,0.0,53.0,56.0,50.0
"TORONTO CITY, ON CA",10/01/2018,0.33,0.0,52.0,56.0,47.0
"TORONTO CITY, ON CA",10/02/2018,0.35,0.0,54.0,57.0,50.0
"TORONTO CITY, ON CA",10/03/2018,0.0,0.0,60.0,67.0,53.0
"TORONTO CITY, ON CA",10/04/2018,0.41,0.0,60.0,72.0,47.0
"TORONTO CITY, ON CA",10/05/2018,0.0,0.0,50.0,56.0,44.0
"TORONTO CITY, ON CA",10/06/2018,0.07,0.0,56.0,63.0,50.0
"TORONTO CITY, ON CA",10/07/2018,0.24,0.0,57.0,60.0,54.0
"TORONTO CITY, ON CA",10/08/2018,0.0,0.0,56.0,59.0,53.0
"TORONTO CITY, ON CA",10/09/2018,0.0,0.0,68.0,80.0,57.0
"TORONTO CITY, ON CA",10/10/2018,0.0,0.0,73.0,79.0,66.0
"TORONTO CITY, ON CA",10/11/2018,0.0,0.0,60.0,72.0,48.0
"TORONTO CITY, ON CA",10/12/2018,0.02,0.0,48.0,53.0,44.0
"TORONTO CITY, ON CA",10/13/2018,0.05,0.0,45.0,51.0,40.0
"TORONTO CITY, ON CA",10/14/2018,0.0,0.0,48.0,57.0,40.0
"TORONTO CITY, ON CA",10/15/2018,0.12,0.0,48.0,57.0,40.0
"TORONTO CITY, ON CA",10/16/2018,0.0,0.0,46.0,54.0,38.0
"TORONTO CITY, ON CA",10/17/2018,0.0,0.0,43.0,50.0,36.0
"TORONTO CITY, ON CA",10/18/2018,0.0,0.0,40.0,47.0,32.0
"TORONTO CITY, ON CA",10/19/2018,0.0,0.0,51.0,58.0,44.0
"TORONTO CITY, ON CA",10/20/2018,0.0,0.0,47.0,55.0,39.0
"TORONTO CITY, ON CA",10/21/2018,0.0,0.0,39.0,44.0,34.0
"TORONTO CITY, ON CA",10/22/2018,0.0,0.0,45.0,52.0,39.0
"TORONTO CITY, ON CA",10/23/2018,0.11,0.0,45.0,50.0,39.0
"TORONTO CITY, ON CA",10/24/2018,0.01,0.0,40.0,43.0,37.0
"TORONTO CITY, ON CA",10/25/2018,0.0,0.0,42.0,46.0,37.0
"TORONTO CITY, ON CA",10/26/2018,0.0,0.0,45.0,48.0,41.0
"TORONTO CITY, ON CA",10/27/2018,0.28,0.0,40.0,44.0,35.0
"TORONTO CITY, ON CA",10/28/2018,0.07,0.0,39.0,43.0,35.0
"TORONTO CITY, ON CA",10/29/2018,0.02,0.0,43.0,48.0,37.0
"TORONTO CITY, ON CA",10/30/2018,0.02,0.0,42.0,51.0,33.0
"TORONTO CITY, ON CA",10/31/2018,0.42,0.0,49.0,56.0,43.0
"TORONTO CITY, ON CA",11/01/2018,1.31,0.0,45.0,48.0,42.0
"TORONTO CITY, ON CA",11/02/2018,0.16,0.0,41.0,43.0,40.0
"TORONTO CITY, ON CA",11/03/2018,0.06,0.0,41.0,45.0,37.0
"TORONTO CITY, ON CA",11/04/2018,0.01,0.0,40.0,45.0,34.0
"TORONTO CITY, ON CA",11/06/2018,0.22,0.0,55.0,62.0,48.0
"TORONTO CITY, ON CA",11/07/2018,0.02,0.0,46.0,50.0,41.0
"TORONTO CITY, ON CA",11/08/2018,0.01,0.0,41.0,43.0,38.0
"TORONTO CITY, ON CA",11/09/2018,0.48,0.0,39.0,41.0,36.0
"TORONTO CITY, ON CA",11/10/2018,0.0,0.0,34.0,38.0,29.0
"TORONTO CITY, ON CA",11/11/2018,0.0,0.0,35.0,40.0,30.0
"TORONTO CITY, ON CA",11/12/2018,0.05,0.0,40.0,43.0,36.0
"TORONTO CITY, ON CA",11/13/2018,0.01,0.0,32.0,37.0,27.0
"TORONTO CITY, ON CA",11/14/2018,0.0,0.0,29.0,33.0,25.0
"TORONTO CITY, ON CA",11/15/2018,0.44,0.0,30.0,34.0,26.0
"TORONTO CITY, ON CA",11/16/2018,0.28,2.0,36.0,38.0,33.0
"TORONTO CITY, ON CA",11/17/2018,0.01,0.8,33.0,38.0,29.0
"TORONTO CITY, ON CA",11/18/2018,0.0,0.4,33.0,38.0,27.0
"TORONTO CITY, ON CA",11/19/2018,0.0,0.0,35.0,40.0,30.0
"TORONTO CITY, ON CA",11/20/2018,0.02,0.0,33.0,38.0,28.0
"TORONTO CITY, ON CA",11/21/2018,0.01,0.0,23.0,36.0,11.0
"TORONTO CITY, ON CA",11/22/2018,0.0,0.0,16.0,23.0,10.0
"TORONTO CITY, ON CA",11/23/2018,0.0,0.0,31.0,39.0,23.0
"TORONTO CITY, ON CA",11/24/2018,0.18,0.4,40.0,44.0,36.0
"TORONTO CITY, ON CA",11/25/2018,0.0,0.0,44.0,46.0,41.0
"TORONTO CITY, ON CA",11/26/2018,1.06,0.0,40.0,44.0,36.0
"TORONTO CITY, ON CA",11/27/2018,0.06,0.0,34.0,37.0,30.0
"TORONTO CITY, ON CA",11/28/2018,0.01,0.4,34.0,38.0,30.0
"TORONTO CITY, ON CA",11/29/2018,0.0,0.0,36.0,37.0,34.0
"TORONTO CITY, ON CA",11/30/2018,0.01,0.0,36.0,37.0,34.0
"TORONTO CITY, ON CA",12/01/2018,0.15,0.0,37.0,39.0,35.0
"TORONTO CITY, ON CA",12/02/2018,0.46,0.0,45.0,52.0,39.0
"TORONTO CITY, ON CA",12/03/2018,0.06,0.0,38.0,46.0,30.0
"TORONTO CITY, ON CA",12/04/2018,0.0,0.0,28.0,32.0,25.0
"TORONTO CITY, ON CA",12/05/2018,0.0,0.0,30.0,36.0,24.0
"TORONTO CITY, ON CA",12/06/2018,0.01,0.0,31.0,36.0,26.0
"TORONTO CITY, ON CA",12/07/2018,0.01,0.8,23.0,28.0,18.0
"TORONTO CITY, ON CA",12/08/2018,0.03,0.0,28.0,33.0,24.0
"TORONTO CITY, ON CA",12/09/2018,0.0,0.4,29.0,34.0,24.0
"TORONTO CITY, ON CA",12/10/2018,0.0,0.0,34.0,35.0,32.0
"TORONTO CITY, ON CA",12/11/2018,0.0,0.0,31.0,34.0,28.0
"TORONTO CITY, ON CA",12/12/2018,0.01,0.0,33.0,35.0,31.0
"TORONTO CITY, ON CA",12/13/2018,0.07,0.4,35.0,38.0,32.0
"TORONTO CITY, ON CA",12/14/2018,0.13,0.0,40.0,43.0,36.0
"TORONTO CITY, ON CA",12/15/2018,0.0,0.0,38.0,40.0,35.0
"TORONTO CITY, ON CA",12/17/2018,0.0,0.0,0.0,0.0,0.0
"TORONTO CITY, ON CA",12/18/2018,0.0,0.0,27.0,32.0,23.0
"TORONTO CITY, ON CA",12/19/2018,0.0,0.0,36.0,41.0,30.0
"TORONTO CITY, ON CA",12/20/2018,0.15,0.0,39.0,42.0,35.0
"TORONTO CITY, ON CA",12/21/2018,0.5,0.4,37.0,43.0,32.0
"TORONTO CITY, ON CA",12/22/2018,0.0,0.0,31.0,33.0,29.0
"TORONTO CITY, ON CA",12/23/2018,0.01,0.0,33.0,35.0,30.0
"TORONTO CITY, ON CA",12/24/2018,0.02,0.0,33.0,36.0,30.0
"TORONTO CITY, ON CA",12/25/2018,0.01,0.0,32.0,34.0,29.0
"TORONTO CITY, ON CA",12/26/2018,0.0,0.0,31.0,38.0,24.0
"TORONTO CITY, ON CA",12/27/2018,0.18,0.0,30.0,39.0,21.0
"TORONTO CITY, ON CA",12/28/2018,0.07,0.4,45.0,52.0,39.0
"TORONTO CITY, ON CA",12/29/2018,0.0,0.0,31.0,40.0,22.0
"TORONTO CITY, ON CA",12/30/2018,0.05,0.8,29.0,35.0,23.0
"TORONTO CITY, ON CA",12/31/2018,0.54,0.8,37.0,43.0,30.0
